{
  "project_info": {
    "project_number": "379230028754",
    "firebase_url": "https://smartansan-store.firebaseio.com",
    "project_id": "smartansan-store",
    "storage_bucket": "smartansan-store.appspot.com"
  },
  "client": [
    {
      "client_info": {
        "mobilesdk_app_id": "1:379230028754:android:e8e7c81caa1a1e41",
        "android_client_info": {
          "package_name": "com.sunmi.smart"
        }
      },
      "oauth_client": [
        {
          "client_id": "379230028754-fp6n7so0c1cckm0fpm6nfmgchbj4ii8e.apps.googleusercontent.com",
          "client_type": 3
        }
      ],
      "api_key": [
        {
          "current_key": "AIzaSyCugSeegTKw_Dm0qOu0W0-qww7fz_kKHS0"
        }
      ],
      "services": {
        "analytics_service": {
          "status": 1
        },
        "appinvite_service": {
          "status": 1,
          "other_platform_oauth_client": []
        },
        "ads_service": {
          "status": 2
        }
      }
    }
  ],
  "configuration_version": "1"
}