{
  "project_info": {
    "project_number": "584259400538",
    "firebase_url": "https://bluelight-77018.firebaseio.com",
    "project_id": "bluelight-77018",
    "storage_bucket": "bluelight-77018.appspot.com"
  },
  "client": [
    {
      "client_info": {
        "mobilesdk_app_id": "1:584259400538:android:1677531fea0bb63f",
        "android_client_info": {
          "package_name": "com.kmong.bluelight"
        }
      },
      "oauth_client": [
        {
          "client_id": "584259400538-0rhp0os7t4lv0tf2p9ari551vq2mvelj.apps.googleusercontent.com",
          "client_type": 3
        }
      ],
      "api_key": [
        {
          "current_key": "AIzaSyCfoFYKor5IK3VNwM82sE54WmMZqmpFlwY"
        }
      ],
      "services": {
        "analytics_service": {
          "status": 1
        },
        "appinvite_service": {
          "status": 1,
          "other_platform_oauth_client": []
        },
        "ads_service": {
          "status": 2
        }
      }
    }
  ],
  "configuration_version": "1"
}