{
  "project_info": {
    "project_number": "1041121450587",
    "firebase_url": "https://fir-message-e0b0a.firebaseio.com",
    "project_id": "fir-message-e0b0a",
    "storage_bucket": "fir-message-e0b0a.appspot.com"
  },
  "client": [
    {
      "client_info": {
        "mobilesdk_app_id": "1:1041121450587:android:157ab92effee9dca",
        "android_client_info": {
          "package_name": "com.test.firebase"
        }
      },
      "oauth_client": [
        {
          "client_id": "1041121450587-je77itsk6ld70vvt5ogsscvgj161klu6.apps.googleusercontent.com",
          "client_type": 3
        }
      ],
      "api_key": [
        {
          "current_key": "AIzaSyAa3XmAyw5Wd2uxmq3DSSpvwyMFLjcLTeU"
        }
      ],
      "services": {
        "analytics_service": {
          "status": 1
        },
        "appinvite_service": {
          "status": 1,
          "other_platform_oauth_client": []
        },
        "ads_service": {
          "status": 2
        }
      }
    }
  ],
  "configuration_version": "1"
}